Kathryn,kmcdonald0@earthlink.net
Mary,mrice1@cmu.edu
Charles,ccampbell2@1und1.de
Anna,anelson3@umn.edu
Rebecca,relliott4@berkeley.edu
Phillip,pgilbert5@wikimedia.org
Diana,dgreene6@cmu.edu
Stephen,scrawford7@cnet.com
Jerry,jstewart8@answers.com
Judith,jortiz9@networksolutions.com
Louise,lmontgomerya@barnesandnoble.com
Wayne,wsullivanb@squidoo.com
Joshua,jnguyenc@sfgate.com
Charles,chicksd@myspace.com
Ryan,rhalle@furl.net
Samuel,swillisf@cpanel.net
William,wcoxg@microsoft.com
Ralph,rfosterh@posterous.com
Aaron,ahansoni@usnews.com
Billy,bnicholsj@toplist.cz
Jeremy,jgarrettk@amazon.de
Judy,jlynchl@businesswire.com
Eric,efergusonm@barnesandnoble.com
Marilyn,mwrightn@pinterest.com
Stephanie,swilliso@hibu.com
Todd,trobertsonp@disqus.com
Benjamin,bstephensq@sohu.com
Irene,ihunterr@kickstarter.com
Eric,efishers@gizmodo.com
Jennifer,jsimst@unicef.org
Margaret,mmasonu@blog.com
Tammy,tdayv@nhs.uk
Diane,dramosw@sourceforge.net
Carol,chayesx@eventbrite.com
Justin,jjohnsony@themeforest.net
James,jrichardsz@biblegateway.com
Kelly,kallen10@trellian.com
Patricia,pmeyer11@sfgate.com
Doris,dadams12@seattletimes.com
Eric,ewalker13@scientificamerican.com
Linda,lwilson14@nhs.uk
Beverly,bkelly15@seesaa.net
Howard,hjohnson16@google.cn
Samuel,sgriffin17@tiny.cc
Shirley,sstone18@de.vu
Larry,ljohnson19@narod.ru
Rose,rharper1a@fc2.com
Jose,jmyers1b@canalblog.com
Marilyn,myoung1c@tmall.com
Gary,glewis1d@stanford.edu
Albert,awells1e@tumblr.com
Jennifer,jturner1f@trellian.com
Terry,tmurphy1g@imdb.com
Rose,rfoster1h@is.gd
Eugene,ehamilton1i@ucoz.ru
Robin,rjenkins1j@msn.com
Janet,jdean1k@ucla.edu
Johnny,jgomez1l@go.com
Joseph,jblack1m@quantcast.com
Roy,rduncan1n@va.gov
James,jturner1o@clickbank.net
Alice,apalmer1p@csmonitor.com
Harry,haustin1q@webmd.com
Doris,dmiller1r@toplist.cz
Stephen,sbrooks1s@webmd.com
Eric,emorris1t@wsj.com
Robert,rwalker1u@studiopress.com
Michelle,mperez1v@europa.eu
Philip,phill1w@tamu.edu
Ralph,rrichards1x@msn.com
Bonnie,balexander1y@bbc.co.uk
Kenneth,kstone1z@hostgator.com
Debra,dcampbell20@chronoengine.com
Steve,smills21@dailymotion.com
Kathy,krogers22@nymag.com
Lois,lstone23@princeton.edu
Maria,mdunn24@statcounter.com
Henry,hsanchez25@booking.com
Alice,agarcia26@freewebs.com
Harry,hfranklin27@xrea.com
Keith,kcarroll28@go.com
Sean,snichols29@ustream.tv
Carolyn,celliott2a@archive.org
Antonio,ahoward2b@walmart.com
Laura,lelliott2c@slashdot.org
Teresa,tthomas2d@techcrunch.com
Kathy,knguyen2e@microsoft.com
Matthew,mmorrison2f@earthlink.net
Diane,dsimpson2g@baidu.com
Antonio,ariley2h@indiegogo.com
Annie,acarter2i@is.gd
Stephen,sspencer2j@joomla.org
Brenda,bholmes2k@aboutads.info
Janice,jriley2l@parallels.com
Julie,jwillis2m@fc2.com
Margaret,mgarza2n@tinyurl.com
Karen,kthompson2o@linkedin.com
Randy,rbutler2p@google.nl
Keith,krobinson2q@amazon.com
Philip,pstone2r@mtv.com
Joseph,jstewart2s@wikipedia.org
Carl,cmitchell2t@flickr.com
Louise,lwest2u@dmoz.org
Alan,acox2v@theatlantic.com
George,gmiller2w@prlog.org
Timothy,thart2x@buzzfeed.com
Anna,apierce2y@nps.gov
James,jmeyer2z@surveymonkey.com
Ruby,rtaylor30@usgs.gov
Elizabeth,eferguson31@stanford.edu
William,wrivera32@pinterest.com
Jonathan,jrice33@telegraph.co.uk
Donna,dhawkins34@sbwire.com
Carolyn,ccastillo35@archive.org
Charles,cgrant36@cnet.com
Debra,dmartin37@irs.gov
Donna,dwells38@toplist.cz
Nancy,nadams39@ask.com
Marie,madams3a@netscape.com
Wanda,wgarcia3b@constantcontact.com
Helen,hkennedy3c@scientificamerican.com
Antonio,alee3d@ameblo.jp
Judy,jramos3e@cnn.com
Samuel,ssims3f@yellowpages.com
Brian,barmstrong3g@1688.com
Jean,jcastillo3h@1688.com
Eric,ewright3i@vk.com
Carolyn,clittle3j@washingtonpost.com
Mary,mreed3k@dot.gov
Pamela,pdaniels3l@devhub.com
Mary,mgarrett3m@biglobe.ne.jp
Virginia,vmorgan3n@phpbb.com
Antonio,anelson3o@gmpg.org
Ann,aphillips3p@cocolog-nifty.com
Janice,jbradley3q@nasa.gov
Doris,dthompson3r@cpanel.net
Joshua,jfreeman3s@ft.com
Dorothy,dramos3t@123-reg.co.uk
Debra,djames3u@who.int
Kathy,kallen3v@multiply.com
Irene,icrawford3w@ameblo.jp
Philip,pspencer3x@irs.gov
David,dfisher3y@sbwire.com
Annie,astewart3z@boston.com
Roger,rdixon40@slideshare.net
Sean,sjenkins41@columbia.edu
Wanda,wmarshall42@studiopress.com
Jeremy,jdunn43@accuweather.com
Kathy,kfreeman44@people.com.cn
Roy,rmeyer45@house.gov
Phillip,promero46@answers.com
Melissa,mfowler47@dot.gov
Anthony,afoster48@biblegateway.com
Gregory,gthomas49@mapquest.com
Kevin,kpatterson4a@goodreads.com
Carl,crussell4b@indiegogo.com
Mary,mfowler4c@ihg.com
Ruth,rblack4d@taobao.com
Jeremy,jhill4e@businesswire.com
Carlos,ccole4f@gizmodo.com
Kathleen,kwheeler4g@arizona.edu
Wayne,wweaver4h@theatlantic.com
Phyllis,pwilson4i@springer.com
Lois,lhughes4j@va.gov
Arthur,awright4k@loc.gov
Ryan,rlewis4l@zdnet.com
Maria,mstewart4m@tinypic.com
Daniel,dmontgomery4n@adobe.com
Jane,jevans4o@oracle.com
Rose,rrichards4p@tripod.com
Matthew,mcook4q@ucla.edu
Susan,sross4r@slashdot.org
Frank,fedwards4s@who.int
Marilyn,mwoods4t@rediff.com
Bonnie,bsullivan4u@reddit.com
Laura,lkelly4v@aboutads.info
Catherine,cgrant4w@lycos.com
Albert,ahenry4x@blogtalkradio.com
Diana,dcoleman4y@over-blog.com
Arthur,amontgomery4z@baidu.com
Henry,hfoster50@blogger.com
Paula,phart51@telegraph.co.uk
Timothy,tpatterson52@cornell.edu
Kimberly,kbennett53@earthlink.net
Timothy,tsimmons54@wiley.com
Jesse,jkelly55@chicagotribune.com
Rebecca,rmiller56@pinterest.com
Harold,hharper57@csmonitor.com
Lillian,lbarnes58@army.mil
Lori,lshaw59@yellowpages.com
Marilyn,mharrison5a@tripadvisor.com
Diane,dhawkins5b@tripod.com
Lisa,ldaniels5c@paypal.com
Fred,fgarcia5d@latimes.com
Lawrence,lhicks5e@lycos.com
Peter,pbailey5f@accuweather.com
Ralph,rarnold5g@netlog.com
Roy,rsanchez5h@technorati.com
Paula,pharper5i@yahoo.co.jp
Carl,cscott5j@samsung.com
Chris,cweaver5k@meetup.com
Michael,mwatson5l@sphinn.com
Martha,mlynch5m@geocities.com
Samuel,scarpenter5n@a8.net
Michael,mmcdonald5o@freewebs.com
Charles,cgeorge5p@buzzfeed.com
Timothy,twarren5q@columbia.edu
Betty,badams5r@cbslocal.com
Amanda,areyes5s@cbc.ca
Joe,jjones5t@google.es
Linda,lruiz5u@naver.com
Wayne,wstevens5v@admin.ch
Sara,shunt5w@newsvine.com
Larry,lsullivan5x@google.nl
Roger,rfranklin5y@time.com
Donna,drose5z@liveinternet.ru
Brenda,bwheeler60@youtube.com
Jose,jhunt61@thetimes.co.uk
Rebecca,rbaker62@telegraph.co.uk
Jose,jclark63@cnbc.com
Randy,rhanson64@hhs.gov
Jeffrey,jhamilton65@prweb.com
Benjamin,bandrews66@altervista.org
Charles,charrison67@imageshack.us
Julia,jthompson68@tamu.edu
Kimberly,krodriguez69@census.gov
Peter,pgeorge6a@ow.ly
Shawn,ssullivan6b@nasa.gov
Paula,pgomez6c@hao123.com
Roger,rnichols6d@google.co.uk
Diane,dperez6e@topsy.com
Harry,hbell6f@ed.gov
Susan,solson6g@rediff.com
Robin,rmorris6h@ustream.tv
Peter,pmoore6i@is.gd
Catherine,cburton6j@uiuc.edu
Clarence,ccarr6k@dell.com
Charles,calvarez6l@devhub.com
Jennifer,jrodriguez6m@hostgator.com
Gerald,ggonzales6n@nhs.uk
Daniel,dkelley6o@cmu.edu
Judith,jgutierrez6p@networkadvertising.org
Heather,hhenry6q@nbcnews.com
Benjamin,bfowler6r@vinaora.com
Nicholas,npowell6s@netlog.com
Frank,fvasquez6t@i2i.jp
Evelyn,efrazier6u@ameblo.jp
Sarah,sharris6v@nasa.gov
Theresa,thansen6w@tinypic.com
Edward,efowler6x@google.com.br
Nancy,ncox6y@archive.org
Jessica,jlopez6z@blinklist.com
Roger,roliver70@sun.com
Betty,bford71@ebay.co.uk
Jennifer,jhenry72@shutterfly.com
Carol,cgibson73@google.pl
Lawrence,lmiller74@archive.org
Fred,fwagner75@soundcloud.com
Antonio,awells76@home.pl
Mildred,mgibson77@xrea.com
Betty,bharris78@google.co.uk
Johnny,jgreen79@theatlantic.com
Kimberly,kmiller7a@comsenz.com
Juan,jwelch7b@marketwatch.com
Ruby,rbrown7c@cbsnews.com
Ernest,eanderson7d@chron.com
Benjamin,bgardner7e@bloomberg.com
Robin,rwoods7f@cargocollective.com
Johnny,jshaw7g@newyorker.com
Judith,jrobertson7h@buzzfeed.com
Nancy,nreyes7i@fastcompany.com
Mary,mhenderson7j@vistaprint.com
Elizabeth,erussell7k@samsung.com
Jessica,jmurray7l@blogs.com
Diane,dstevens7m@shareasale.com
William,wrussell7n@icq.com
William,wreynolds7o@dell.com
Frances,fbowman7p@wikimedia.org
Gregory,gfields7q@paginegialle.it
Jack,jwalker7r@nymag.com
Sara,sbutler7s@angelfire.com
Lillian,lchapman7t@nasa.gov
Matthew,mpierce7u@biblegateway.com
Stephanie,sfernandez7v@whitehouse.gov
Victor,vhanson7w@delicious.com
Christine,cschmidt7x@pbs.org
Tammy,tellis7y@pinterest.com
Patricia,pmoore7z@icio.us
Patrick,phawkins80@tmall.com
Norma,nprice81@nbcnews.com
Howard,hwoods82@sourceforge.net
Mildred,mmorrison83@google.co.uk
Shawn,sbell84@miitbeian.gov.cn
Jennifer,jwest85@imageshack.us
Jennifer,jbarnes86@latimes.com
Earl,emorales87@amazon.de
Lori,lmorgan88@list-manage.com
Janice,jgonzalez89@sitemeter.com
Willie,wortiz8a@digg.com
Mary,mjenkins8b@cmu.edu
Lillian,lrichards8c@hostgator.com
Pamela,pfernandez8d@goo.gl
Paul,pscott8e@webmd.com
Randy,rpayne8f@bbb.org
Richard,rroberts8g@msu.edu
Katherine,kgraham8h@marketwatch.com
Jennifer,jevans8i@reuters.com
Kevin,kperry8j@1688.com
Jacqueline,jfrazier8k@artisteer.com
Christopher,cpayne8l@printfriendly.com
Jimmy,jchapman8m@domainmarket.com
Katherine,kgriffin8n@timesonline.co.uk
Steve,shicks8o@google.nl
Johnny,jschmidt8p@mapy.cz
Antonio,aallen8q@ucsd.edu
Michael,mramos8r@yahoo.com
Denise,dlawson8s@gov.uk
Judith,jhenry8t@biblegateway.com
Angela,avasquez8u@ifeng.com
Bobby,brobertson8v@marriott.com
Edward,ebryant8w@craigslist.org
Charles,cmontgomery8x@simplemachines.org
Russell,rlong8y@odnoklassniki.ru
Edward,ebrooks8z@omniture.com
Barbara,bdean90@github.com
Roger,rbell91@booking.com
Eric,ebrooks92@walmart.com
Henry,hpowell93@umich.edu
Chris,clane94@state.tx.us
Bonnie,brussell95@oracle.com
Amanda,asmith96@webs.com
Larry,lprice97@qq.com
Ernest,etorres98@illinois.edu
Brandon,bbradley99@indiegogo.com
Bonnie,bhowell9a@netvibes.com
Craig,cturner9b@elegantthemes.com
Donald,droberts9c@themeforest.net
Catherine,ctaylor9d@mediafire.com
Ralph,rgordon9e@berkeley.edu
Christina,csanders9f@marriott.com
John,jray9g@lulu.com
Frances,fsmith9h@slashdot.org
Linda,lstone9i@github.com
Julie,jhughes9j@tripadvisor.com
Joe,jweaver9k@spotify.com
Frank,fbradley9l@icio.us
Joe,jcarpenter9m@blogspot.com
Eric,ekelly9n@marriott.com
Antonio,awatkins9o@github.io
Andrea,ahudson9p@washingtonpost.com
Antonio,adaniels9q@discovery.com
Henry,hgordon9r@squarespace.com
Dorothy,dlawson9s@instagram.com
Victor,vmorales9t@shinystat.com
Bonnie,brivera9u@blogspot.com
Jerry,jroberts9v@soundcloud.com
Irene,iellis9w@time.com
Paul,polson9x@yahoo.com
Beverly,bramirez9y@wiley.com
Frances,fboyd9z@washingtonpost.com
Aaron,agardnera0@disqus.com
Dorothy,dreida1@blinklist.com
Stephen,sstanleya2@miibeian.gov.cn
Carl,chernandeza3@tamu.edu
Mildred,mmillsa4@bbc.co.uk
Theresa,tmarshalla5@techcrunch.com
Karen,kcarra6@google.fr
Keith,kpattersona7@behance.net
Anne,agardnera8@usatoday.com
John,jcrawforda9@twitter.com
Cynthia,cwatsonaa@aol.com
Douglas,dstoneab@vimeo.com
Nancy,nknightac@1688.com
Fred,frichardsonad@sitemeter.com
Susan,srossae@bbb.org
Debra,dburnsaf@plala.or.jp
Elizabeth,etuckerag@arstechnica.com
Pamela,probertsonah@cnbc.com
Shawn,spowellai@quantcast.com
Antonio,adanielsaj@earthlink.net
Debra,dmedinaak@gnu.org
Thomas,tkennedyal@lycos.com
Tina,tsnyderam@jimdo.com
Pamela,pgutierrezan@washington.edu
Kimberly,kcarrollao@t.co
David,dreedap@scientificamerican.com
Doris,dreyesaq@chronoengine.com
Martin,mschmidtar@usatoday.com
Linda,lhernandezas@rakuten.co.jp
Virginia,vlynchat@smh.com.au
Steven,sdixonau@forbes.com
Roy,rjacobsav@tinypic.com
Andrew,ahunteraw@apache.org
Brenda,bandrewsax@nytimes.com
Philip,pgriffinay@aboutads.info
Samuel,skimaz@nih.gov
Jesse,jfreemanb0@scientificamerican.com
Mary,mwhiteb1@dagondesign.com
Johnny,jbanksb2@hud.gov
Laura,lmorenob3@harvard.edu
Elizabeth,ewelchb4@tuttocitta.it
Larry,lcollinsb5@cdbaby.com
Patricia,pburkeb6@instagram.com
Russell,rgeorgeb7@adobe.com
Adam,asimpsonb8@yahoo.com
Edward,emyersb9@elegantthemes.com
Julia,jwestba@jimdo.com
Carol,cjamesbb@imageshack.us
Jeffrey,jkelleybc@freewebs.com
James,jreynoldsbd@flavors.me
Jacqueline,jbrooksbe@washingtonpost.com
Joe,jramosbf@ucoz.com
Antonio,ahendersonbg@cam.ac.uk
Adam,ameyerbh@last.fm
Andrea,ahudsonbi@ow.ly
Clarence,ccoxbj@foxnews.com
Robert,rfrazierbk@yahoo.com
David,dholmesbl@booking.com
Joe,jlittlebm@walmart.com
Frances,fknightbn@studiopress.com
Maria,mjonesbo@mysql.com
Ruth,rfullerbp@desdev.cn
Catherine,cwelchbq@about.me
Jean,jclarkbr@t.co
Angela,aleebs@buzzfeed.com
Carl,crichardsbt@chron.com
Lisa,lsimsbu@fotki.com
Denise,dwillisbv@domainmarket.com
Paul,pcooperbw@ocn.ne.jp
Shawn,sowensbx@joomla.org
Jimmy,jmorganby@ustream.tv
Virginia,varnoldbz@ucoz.com
Paula,paustinc0@edublogs.org
Arthur,aramirezc1@google.pl
Elizabeth,emedinac2@ted.com
Susan,ssmithc3@flavors.me
Nicole,nstanleyc4@geocities.com
Richard,rchavezc5@jiathis.com
Patrick,pcoxc6@guardian.co.uk
Patrick,preedc7@msn.com
Kevin,kstephensc8@cdbaby.com
Pamela,pkelleyc9@ca.gov
Harold,hchavezca@geocities.jp
Laura,lgreencb@ucoz.com
Brian,bgomezcc@shop-pro.jp
Cynthia,cwoodcd@e-recht24.de
David,dboydce@home.pl
Rachel,rcarrollcf@acquirethisname.com
Charles,cwrightcg@europa.eu
Kathryn,kfoxch@techcrunch.com
Jonathan,jrobertsonci@ezinearticles.com
Virginia,vbakercj@nyu.edu
Bonnie,bstanleyck@bluehost.com
Susan,smorenocl@shareasale.com
Karen,kfieldscm@ft.com
Antonio,aperkinscn@economist.com
Joan,jarnoldco@parallels.com
Shirley,shayescp@bluehost.com
Paul,pwilliamsoncq@shutterfly.com
Raymond,rpalmercr@oaic.gov.au
Joyce,jfreemancs@ucsd.edu
Alice,apowellct@wp.com
Kelly,knicholscu@xing.com
Annie,awestcv@pcworld.com
Earl,ehamiltoncw@ycombinator.com
Billy,bbankscx@twitpic.com
Arthur,apaynecy@ebay.co.uk
Larry,lwilsoncz@github.com
Howard,hpriced0@ocn.ne.jp
Douglas,dcooperd1@free.fr
Deborah,dcookd2@zdnet.com
Brandon,bbarnesd3@virginia.edu
Robin,rwebbd4@biblegateway.com
Rebecca,rwardd5@latimes.com
Jennifer,joliverd6@go.com
Richard,rgarciad7@dropbox.com
Randy,rriverad8@acquirethisname.com
Sharon,sdunnd9@wix.com
Alice,ahernandezda@utexas.edu
Denise,dgarrettdb@dot.gov
Kathleen,kmurraydc@kickstarter.com
Samuel,sforddd@twitpic.com
Bonnie,brichardsde@harvard.edu
Bonnie,bberrydf@mapy.cz
Samuel,swooddg@odnoklassniki.ru
Marie,mwhitedh@sitemeter.com
Rose,rjacobsdi@cnet.com
Angela,astanleydj@ameblo.jp
Susan,ssandersdk@omniture.com
Jesse,jmontgomerydl@bandcamp.com
Terry,tkellydm@abc.net.au
Dennis,devansdn@diigo.com
Michael,mwestdo@yandex.ru
Janice,jclarkdp@constantcontact.com
Angela,agrantdq@sbwire.com
Paul,pnicholsdr@imageshack.us
Jason,jgreeneds@jiathis.com
Annie,awilliamsdt@indiegogo.com
Amy,ahendersondu@wikispaces.com
Laura,lrossdv@phpbb.com
Gerald,gricedw@jugem.jp
Jennifer,jgraydx@jalbum.net
Betty,bbrooksdy@china.com.cn
Fred,fbaileydz@opera.com
Scott,sjonese0@businessinsider.com
Brian,bcolemane1@wiley.com
Lawrence,lpereze2@over-blog.com
Margaret,mstanleye3@cam.ac.uk
Angela,acolee4@wufoo.com
Wayne,wthompsone5@altervista.org
Joan,jgutierreze6@netlog.com
Jerry,jholmese7@admin.ch
Stephen,scampbelle8@miitbeian.gov.cn
Annie,aandersone9@biblegateway.com
Christine,cbakerea@stanford.edu
Gary,gwelcheb@google.ca
Adam,ablackec@ucoz.com
Janet,jharrisoned@ow.ly
Douglas,dandersonee@businesswire.com
Steve,shendersonef@myspace.com
Joyce,jshaweg@prlog.org
Heather,hparkereh@umich.edu
Heather,hbishopei@accuweather.com
Victor,vboydej@clickbank.net
Jean,jgilbertek@biblegateway.com
Doris,drichardsel@redcross.org
Todd,twoodsem@parallels.com
Robert,rwilliamsen@ehow.com
Bobby,bshaweo@google.cn
Carol,cwoodsep@nifty.com
Joan,jharpereq@cpanel.net
Thomas,tgriffiner@qq.com
Betty,bmoorees@newyorker.com
Kathryn,kbradleyet@amazon.co.jp
Sean,solivereu@amazon.de
Julie,jfernandezev@msn.com
Nicholas,nburkeew@4shared.com
Marilyn,mlarsonex@spotify.com
Karen,knicholsey@cam.ac.uk
Amy,aortizez@hp.com
Mary,mramirezf0@sakura.ne.jp
Louis,lpiercef1@sphinn.com
Shirley,sgreenf2@ebay.com
Eric,ebutlerf3@weibo.com
Robin,rhendersonf4@soundcloud.com
Julie,jjohnstonf5@unblog.fr
Anne,amurrayf6@spiegel.de
Bruce,bkennedyf7@sitemeter.com
Lori,ltaylorf8@so-net.ne.jp
Gary,ggarzaf9@youku.com
Lois,lfernandezfa@de.vu
Charles,cburkefb@drupal.org
Linda,llongfc@earthlink.net
Judith,jmartinfd@clickbank.net
Patricia,pjordanfe@smugmug.com
Kelly,kolsonff@weather.com
Joshua,jnelsonfg@squarespace.com
Doris,dharrisfh@census.gov
Joan,jowensfi@tripod.com
Ryan,rrileyfj@squidoo.com
Paula,phansenfk@hc360.com
Ruth,rbaileyfl@seattletimes.com
Sarah,salexanderfm@ning.com
Ryan,rhansenfn@unblog.fr
Douglas,daustinfo@wired.com
Amy,akimfp@wufoo.com
Helen,hharveyfq@typepad.com
James,jbowmanfr@jimdo.com
Scott,swardfs@eventbrite.com
Andrew,ariveraft@msu.edu
Jennifer,jmartinezfu@netscape.com
Gerald,gcolemanfv@soundcloud.com
Peter,pfordfw@google.fr
Keith,kpricefx@wix.com
Philip,pwoodsfy@reverbnation.com
Marilyn,mhillfz@vistaprint.com
Dennis,dreidg0@amazon.com
Frances,fsimpsong1@surveymonkey.com
Donald,dmorenog2@mlb.com
George,ggrantg3@google.es
Alice,abennettg4@digg.com
Martha,mburkeg5@ed.gov
Charles,chansong6@mtv.com
Sarah,swebbg7@omniture.com
Julie,jjordang8@ted.com
Joe,jwoodg9@cnn.com
Marie,molsonga@reference.com
Doris,dlewisgb@ox.ac.uk
Jerry,jthompsongc@google.es
George,gcoopergd@army.mil
Diana,darnoldge@chronoengine.com
Andrea,aburkegf@arstechnica.com
Donna,dgraygg@ted.com
Michelle,mbrooksgh@va.gov
Elizabeth,eboydgi@bbb.org
Tina,thayesgj@ebay.co.uk
Diana,drodriguezgk@aboutads.info
Linda,lkennedygl@cdbaby.com
Walter,wwalkergm@utexas.edu
Kenneth,kbarnesgn@qq.com
Dorothy,dpattersongo@ezinearticles.com
Carolyn,clittlegp@yelp.com
Patrick,pwillisgq@hexun.com
Ralph,rjacksongr@toplist.cz
Norma,nmendozags@paginegialle.it
Teresa,tmorgangt@ehow.com
Donald,dfordgu@facebook.com
Joshua,jrobertsongv@admin.ch
Ashley,adeangw@istockphoto.com
Terry,tcastillogx@ifeng.com
Susan,sgriffingy@earthlink.net
Julia,jcunninghamgz@ca.gov
Cynthia,cwilliamsh0@paginegialle.it
John,jgranth1@discovery.com
Joshua,jhowellh2@thetimes.co.uk
Andrea,ataylorh3@harvard.edu
Henry,hdiazh4@alibaba.com
Rose,rwillish5@qq.com
Tina,tgranth6@irs.gov
Earl,ebellh7@cmu.edu
Michael,mscotth8@noaa.gov
Lillian,lhunterh9@zimbio.com
Amanda,aburnsha@163.com
Marilyn,mhayeshb@unesco.org
Frances,friverahc@irs.gov
Ralph,rwatsonhd@spiegel.de
Marie,mfieldshe@gizmodo.com
Heather,hwilliamsonhf@lulu.com
Annie,agrahamhg@a8.net
Phillip,pfernandezhh@pbs.org
Pamela,pharperhi@slashdot.org
Doris,dweaverhj@columbia.edu
Russell,rcunninghamhk@kickstarter.com
Beverly,bfisherhl@walmart.com
Judith,jcolemanhm@thetimes.co.uk
John,jdavishn@themeforest.net
Frances,fruizho@hao123.com
Mary,mfosterhp@yale.edu
Andrew,amcdonaldhq@washington.edu
Russell,rdeanhr@elpais.com
Brandon,brogershs@dot.gov
Michael,mhudsonht@dion.ne.jp
Bruce,bolsonhu@thetimes.co.uk
Emily,emorenohv@delicious.com
Nicholas,nhillhw@constantcontact.com
Benjamin,blynchhx@hud.gov
Matthew,mjameshy@admin.ch
Cheryl,ctaylorhz@creativecommons.org
Virginia,vmorenoi0@yahoo.co.jp
Gregory,gmoorei1@hao123.com
Nancy,nreidi2@narod.ru
Janet,jwelchi3@creativecommons.org
Sara,sgarretti4@fda.gov
Frank,fromeroi5@wunderground.com
Kenneth,kcastilloi6@wikipedia.org
Joshua,jwillisi7@nymag.com
Juan,jlittlei8@scientificamerican.com
Angela,akellyi9@bandcamp.com
Matthew,mdixonia@mac.com
Larry,lperryib@booking.com
Michael,mgriffinic@ameblo.jp
Denise,dperezid@wired.com
Susan,sjamesie@craigslist.org
Craig,cknightif@hhs.gov
Kathy,kalvarezig@wired.com
Tina,tlawsonih@multiply.com
Joshua,jjohnsonii@washingtonpost.com
Rose,rgreeneij@over-blog.com
Billy,bfreemanik@nba.com
Margaret,mmorrisil@elegantthemes.com
Christopher,creyesim@deviantart.com
Pamela,pthomasin@nydailynews.com
Lillian,levansio@simplemachines.org
Jacqueline,jmoralesip@usnews.com
Brandon,bbryantiq@ow.ly
Kathy,klaneir@furl.net
Ryan,rpetersonis@businessinsider.com
Stephanie,sknightit@artisteer.com
Albert,aknightiu@fema.gov
Melissa,mjonesiv@blogs.com
Alan,acarteriw@skyrock.com
Matthew,mbradleyix@webnode.com
Anne,alewisiy@cafepress.com
Cheryl,crileyiz@google.com.hk
Katherine,kfrazierj0@flavors.me
Rebecca,rstonej1@cpanel.net
Amanda,apowellj2@bloglovin.com
Mary,mrogersj3@whitehouse.gov
Bobby,blongj4@engadget.com
Christina,cmendozaj5@tiny.cc
Jean,jadamsj6@parallels.com
Marilyn,mlawsonj7@photobucket.com
Chris,cricej8@lycos.com
Edward,efoxj9@globo.com
Carol,chenryja@istockphoto.com
Eugene,ejacobsjb@about.com
Thomas,tgutierrezjc@ted.com
Eric,ewoodsjd@zimbio.com
Paul,pholmesje@symantec.com
Christina,clongjf@fastcompany.com
Benjamin,bjenkinsjg@blogs.com
Alan,agarciajh@ftc.gov
Benjamin,bphillipsji@miitbeian.gov.cn
Janet,jcarrolljj@reddit.com
Julie,jweaverjk@pcworld.com
Elizabeth,efoxjl@gmpg.org
Joshua,jmillsjm@sbwire.com
Stephanie,sfergusonjn@earthlink.net
Bobby,bmurphyjo@qq.com
Nancy,nhamiltonjp@dailymail.co.uk
Mary,mthompsonjq@guardian.co.uk
Mark,mstevensjr@chron.com
Elizabeth,egibsonjs@reference.com
Ann,aellisjt@skype.com
Lori,lblackju@unicef.org
Frances,fpowelljv@boston.com
Angela,astewartjw@hc360.com
Victor,vsnyderjx@ted.com
Alan,amendozajy@marriott.com
Ruby,rlawrencejz@pen.io
Michael,mmatthewsk0@nyu.edu
Tammy,twardk1@usda.gov
Carolyn,cporterk2@lycos.com
Wayne,wbakerk3@webeden.co.uk
Frank,frichardsk4@nba.com
Henry,hhansonk5@abc.net.au
Adam,acruzk6@usgs.gov
Lois,llittlek7@java.com
Janet,jpalmerk8@cnbc.com
Joyce,jcampbellk9@zdnet.com
Catherine,cwallaceka@examiner.com
Jesse,jhillkb@fotki.com
Bonnie,bburtonkc@delicious.com
Julia,jstonekd@zdnet.com
Harry,hfieldske@technorati.com
Beverly,bshawkf@eventbrite.com
Ruth,rreidkg@elegantthemes.com
Christina,cgrahamkh@typepad.com
Robert,rhowellki@acquirethisname.com
Judy,jcarterkj@linkedin.com
Charles,cspencerkk@linkedin.com
Amy,aowenskl@gmpg.org
Ruby,ryoungkm@goo.ne.jp
Frances,flewiskn@xrea.com
Kenneth,kgordonko@wiley.com
Sean,showellkp@sciencedirect.com
Joe,jmccoykq@vkontakte.ru
Larry,lmoorekr@google.ca
Jacqueline,jgonzalesks@deliciousdays.com
Howard,hjenkinskt@newyorker.com
Carlos,chamiltonku@jigsy.com
Joe,jcunninghamkv@qq.com
Douglas,dandrewskw@blogtalkradio.com
Andrew,abankskx@examiner.com
Bonnie,bbutlerky@drupal.org
Lawrence,lpiercekz@lycos.com
Denise,dhughesl0@usatoday.com
Fred,fwestl1@state.gov
Craig,creyesl2@buzzfeed.com
Kimberly,kromerol3@ucla.edu
Lori,lphillipsl4@goo.gl
Carol,csandersl5@free.fr
Louis,lgrahaml6@google.com.br
Adam,agutierrezl7@privacy.gov.au
Sharon,sdeanl8@tamu.edu
Wanda,wmatthewsl9@posterous.com
Melissa,mgarzala@360.cn
Fred,fcruzlb@boston.com
Jonathan,jedwardslc@harvard.edu
Scott,slynchld@dropbox.com
Gloria,gfrazierle@csmonitor.com
Ernest,epattersonlf@youtube.com
Denise,dcastillolg@sfgate.com
William,whuntlh@tuttocitta.it
Catherine,cfreemanli@trellian.com
Pamela,phowelllj@goo.gl
Amanda,aturnerlk@goo.ne.jp
Julie,jgreenell@webs.com
Anthony,awestlm@upenn.edu
Mildred,mlarsonln@over-blog.com
Ernest,eelliottlo@foxnews.com
Philip,ppricelp@ox.ac.uk
Amanda,afrazierlq@smugmug.com
Ernest,ehunterlr@goo.gl
Terry,talexanderls@tmall.com
Kimberly,kgeorgelt@flickr.com
Jeffrey,jwellslu@issuu.com
Laura,llawsonlv@yahoo.co.jp
Chris,cmyerslw@spiegel.de
Jean,jwoodlx@microsoft.com
Brenda,bfranklinly@census.gov
Sandra,shernandezlz@webeden.co.uk
Katherine,kmoorem0@amazon.de
Anne,aturnerm1@artisteer.com
Carl,csimpsonm2@i2i.jp
Amanda,arobinsonm3@mail.ru
Gary,ghowellm4@nature.com
Rachel,rschmidtm5@home.pl
Lawrence,lschmidtm6@eepurl.com
Christina,chansonm7@pcworld.com
Evelyn,ejonesm8@comsenz.com
Heather,hperrym9@fema.gov
Alan,aandersonma@blog.com
Ashley,abakermb@smugmug.com
David,dmatthewsmc@ibm.com
Keith,kdiazmd@sfgate.com
Christopher,cmorrisme@ycombinator.com
Frances,fsimsmf@icio.us
Bobby,btorresmg@nih.gov
Daniel,driveramh@geocities.jp
Victor,vbutlermi@nba.com
Mark,msandersmj@alibaba.com
Lori,lalexandermk@is.gd
Bobby,bperryml@uol.com.br
Fred,fbowmanmm@loc.gov
Anthony,aaustinmn@army.mil
Martin,mbaileymo@un.org
Diane,dbowmanmp@blogtalkradio.com
George,gcartermq@seesaa.net
Pamela,pstephensmr@angelfire.com
Henry,hblackms@theatlantic.com
Philip,phartmt@stumbleupon.com
Carlos,cruizmu@barnesandnoble.com
Denise,dgeorgemv@dagondesign.com
Benjamin,bmasonmw@hibu.com
Daniel,djonesmx@ebay.co.uk
Dennis,dmooremy@blog.com
Mildred,mowensmz@photobucket.com
Larry,ltorresn0@reddit.com
Aaron,awoodsn1@tinyurl.com
Edward,ehowardn2@quantcast.com
Anthony,aolivern3@arizona.edu
Amy,acarrn4@adobe.com
Shawn,smorrisn5@example.com
Randy,rcoopern6@tinypic.com
Charles,cgardnern7@youtube.com
Stephen,shayesn8@posterous.com
Eric,egarrettn9@blogspot.com
Jimmy,jfergusonna@chron.com
Jeffrey,jmoorenb@ow.ly
Robin,randrewsnc@hp.com
Sharon,swillisnd@unblog.fr
Daniel,dmoorene@hhs.gov
Sara,swilliamsnf@hexun.com
Judy,jcoxng@t-online.de
Karen,kfraziernh@aol.com
Wanda,wtuckerni@histats.com
Katherine,kjordannj@state.tx.us
Roger,rrussellnk@joomla.org
Sandra,sgarzanl@list-manage.com
James,jmartinnm@uol.com.br
Sandra,slynchnn@4shared.com
Bobby,bgomezno@feedburner.com
Billy,bdixonnp@dot.gov
Daniel,dwelchnq@opensource.org
Beverly,bsullivannr@google.it
Robert,rnguyenns@toplist.cz
Angela,aknightnt@usa.gov
Barbara,bhowardnu@edublogs.org
Irene,idanielsnv@t-online.de
Jennifer,jwoodnw@parallels.com
Terry,tharveynx@cbslocal.com
Rachel,rwagnerny@loc.gov
Dennis,dsnydernz@fema.gov
Kevin,klopezo0@dyndns.org
Virginia,vcrawfordo1@ucoz.ru
Phillip,pwellso2@php.net
Mildred,mdaviso3@imgur.com
Jose,jwheelero4@sourceforge.net
Walter,wmasono5@tiny.cc
Juan,jdunno6@creativecommons.org
Walter,warnoldo7@nature.com
Andrea,adanielso8@phoca.cz
Maria,mmartinezo9@github.io
Harry,hduncanoa@zimbio.com
Gloria,gellisob@cyberchimps.com
Margaret,mblackoc@g.co
Annie,ahuntod@earthlink.net
Michael,mbaileyoe@skyrock.com
Albert,acooperof@imageshack.us
Roy,rclarkog@arizona.edu
Dennis,djohnsonoh@shutterfly.com
Shawn,sfosteroi@deviantart.com
George,grobertsonoj@yale.edu
Debra,djacobsok@skype.com
Ruby,rfrazierol@spotify.com
Amy,alaneom@squidoo.com
Andrew,awatkinson@statcounter.com
Evelyn,ejenkinsoo@1und1.de
Heather,hbennettop@purevolume.com
Jeremy,jpetersoq@ask.com
Kimberly,kfulleror@amazon.co.uk
Shawn,smartinezos@unblog.fr
Diane,dmoralesot@themeforest.net
Joshua,jmillsou@tripadvisor.com
Carol,cbishopov@symantec.com
Dorothy,dsullivanow@bandcamp.com
Phillip,pmccoyox@nature.com
Alice,apalmeroy@hostgator.com
Frank,fmorrisoz@hibu.com
Richard,rrobertsonp0@ox.ac.uk
Carl,candersonp1@squarespace.com
Carol,cfowlerp2@ca.gov
Brian,brussellp3@qq.com
Edward,estanleyp4@shinystat.com
Larry,lmillerp5@rediff.com
Joshua,jboydp6@zimbio.com
Adam,amurphyp7@networkadvertising.org
Charles,cjamesp8@ovh.net
Jonathan,jowensp9@home.pl
Heather,hwrightpa@unc.edu
Ernest,emitchellpb@xrea.com
Melissa,molsonpc@examiner.com
Christine,ccampbellpd@nps.gov
Mark,mhowardpe@blogger.com
Earl,eburtonpf@nytimes.com
Lillian,lharperpg@uiuc.edu
Rebecca,rhartph@sourceforge.net
Marilyn,msanderspi@mysql.com
William,wperkinspj@yellowbook.com
Joe,jmontgomerypk@census.gov
Tina,tgomezpl@hubpages.com
David,dmorganpm@yahoo.com
Angela,aowenspn@list-manage.com
Eugene,ebennettpo@ted.com
Frances,fphillipspp@liveinternet.ru
Ralph,rramirezpq@facebook.com
Emily,ehickspr@devhub.com
Ashley,ahansenps@washington.edu
Gerald,ghamiltonpt@slideshare.net
Susan,shillpu@forbes.com
Virginia,vpalmerpv@networksolutions.com
Shirley,swardpw@wunderground.com
Debra,dhudsonpx@opensource.org
Jack,jwrightpy@comsenz.com
Jack,jgreenepz@smugmug.com
Margaret,mwebbq0@bandcamp.com
Marilyn,mgarrettq1@reuters.com
Rose,rmorrisq2@so-net.ne.jp
Patricia,pmasonq3@t.co
Laura,lreynoldsq4@epa.gov
Bobby,bclarkq5@ehow.com
Mildred,mhicksq6@ezinearticles.com
Lisa,llittleq7@shop-pro.jp
Joe,jberryq8@indiegogo.com
Ryan,rhamiltonq9@netlog.com
Jean,jbrownqa@over-blog.com
Jonathan,jbennettqb@geocities.jp
Anna,alewisqc@geocities.jp
Phillip,pdunnqd@jalbum.net
Billy,bsnyderqe@hud.gov
Pamela,pwillisqf@opensource.org
Kelly,khillqg@liveinternet.ru
Julia,jbutlerqh@wunderground.com
Debra,dwellsqi@soup.io
Gerald,gwardqj@soundcloud.com
Cheryl,cknightqk@sakura.ne.jp
Bonnie,bcoleql@cocolog-nifty.com
Christina,coliverqm@joomla.org
Carolyn,chowellqn@chicagotribune.com
Theresa,taustinqo@chronoengine.com
Johnny,jpetersonqp@facebook.com
Lawrence,lleeqq@last.fm
Todd,tperkinsqr@twitter.com
Ruby,rpetersonqs@cargocollective.com
Michelle,mweaverqt@bloglovin.com
Daniel,drobertsonqu@aboutads.info
Kathryn,kdanielsqv@biglobe.ne.jp
Carl,ccarrqw@cornell.edu
Jean,jreynoldsqx@myspace.com
Janice,jrobinsonqy@over-blog.com
Teresa,treedqz@nymag.com
Martha,mwestr0@so-net.ne.jp
Thomas,treyesr1@networksolutions.com
James,jwardr2@cnbc.com
Aaron,aramirezr3@stumbleupon.com
Daniel,dbaileyr4@newsvine.com
Peter,progersr5@tinypic.com
Anne,awatkinsr6@chicagotribune.com
Stephen,sgrahamr7@mashable.com
Teresa,tsullivanr8@uol.com.br
Deborah,dchapmanr9@oakley.com
Frances,freynoldsra@prweb.com
Louise,lstevensrb@europa.eu
Emily,ehowardrc@mapquest.com
Phyllis,pcollinsrd@moonfruit.com
Samuel,shicksre@huffingtonpost.com
Cynthia,cfreemanrf@hibu.com
Joe,jsimpsonrg@google.cn
Dennis,dduncanrh@fastcompany.com
Martha,mdixonri@chron.com
Jessica,jhansonrj@technorati.com
Kathleen,krayrk@lycos.com
Rose,rwallacerl@toplist.cz
Eugene,erobinsonrm@istockphoto.com
Walter,wdiazrn@google.pl
Stephen,sgonzalezro@noaa.gov
Phillip,pelliottrp@paypal.com
Tammy,twheelerrq@springer.com
Phillip,pkingrr@wikia.com
